<?xml version="1.0" encoding="UTF-8" ?>
<!DOCTYPE log4j:configuration SYSTEM "log4j.dtd">

<log4j:configuration xmlns:log4j="http://jakarta.apache.org/log4j/">
        
	<appender name="appender" class="org.apache.log4j.DailyRollingFileAppender">
  		<param name="File" value="../logs/SpringSwing.log"/>
    		<param name="Append" value="true"/>
    		<param name="DatePattern" value="'.'yyyy-MM-dd"/>
	    	<layout class="org.apache.log4j.PatternLayout">
     			<param name="ConversionPattern" value="[%d{MM-dd-yyyy hh:mm:ss a}] %5p [%t] [%c{1} (%L)] - %m%n"/>
    	</layout>
	</appender>
  
	<appender name="console" class="org.apache.log4j.ConsoleAppender">
      	<layout class="org.apache.log4j.PatternLayout">
         		<param name="ConversionPattern" value="[%d{MM-dd-yyyy hh:mm:ss a}] %5p [%t] [%c{1} (%L)] - %m%n"/>
      	</layout>
	</appender>

  	<root>
    	<priority value ="DEBUG"/>
    	<appender-ref ref="appender"/>
    	<appender-ref ref="console"/>
  	</root>

</log4j:configuration>